"id","first_name","last_name","email","gender","ip_address","nimi","kasutajanimi","uus_email","parool"
"1","Caprice","Liebermann","cliebermann0@elpais.com","Female","239.173.153.5","Caprice Liebermann","cliebermann","caprice.liebermann@hkhk.edu.ee","lie52"
"2","Winifield","Legon","wlegon1@meetup.com","Male","105.127.247.168","Winifield Legon","wlegon","winifield.legon@hkhk.edu.ee","leg39"
"3","Josias","Fetherby","jfetherby2@rambler.ru","Male","153.20.136.155","Josias Fetherby","jfetherby","josias.fetherby@hkhk.edu.ee","fet59"
"4","Ronny","Gravenell","rgravenell3@hostgator.com","Female","129.238.2.46","Ronny Gravenell","rgravenell","ronny.gravenell@hkhk.edu.ee","gra91"
"5","Kaitlin","Clapson","kclapson4@prlog.org","Female","240.88.103.55","Kaitlin Clapson","kclapson","kaitlin.clapson@hkhk.edu.ee","cla66"
"6","Malachi","Pentony","mpentony5@delicious.com","Male","223.155.164.180","Malachi Pentony","mpentony","malachi.pentony@hkhk.edu.ee","pen15"
"7","Pearle","Harryman","pharryman6@bandcamp.com","Female","14.188.190.4","Pearle Harryman","pharryman","pearle.harryman@hkhk.edu.ee","har65"
"8","Kyle","Marrion","kmarrion7@oaic.gov.au","Female","33.120.216.168","Kyle Marrion","kmarrion","kyle.marrion@hkhk.edu.ee","mar41"
"9","Howey","Stiles","hstiles8@pcworld.com","Male","22.38.60.43","Howey Stiles","hstiles","howey.stiles@hkhk.edu.ee","sti88"
"10","Elna","Codman","ecodman9@usgs.gov","Female","28.108.69.16","Elna Codman","ecodman","elna.codman@hkhk.edu.ee","cod56"
"11","Dian","Bartoli","dbartolia@icio.us","Female","128.12.128.39","Dian Bartoli","dbartoli","dian.bartoli@hkhk.edu.ee","bar66"
"12","Marvin","Saladino","msaladinob@tamu.edu","Male","22.20.80.138","Marvin Saladino","msaladino","marvin.saladino@hkhk.edu.ee","sal46"
"13","Garrek","Abeau","gabeauc@51.la","Male","10.86.178.252","Garrek Abeau","gabeau","garrek.abeau@hkhk.edu.ee","abe51"
"14","Willetta","Walhedd","wwalheddd@webmd.com","Female","174.206.200.197","Willetta Walhedd","wwalhedd","willetta.walhedd@hkhk.edu.ee","wal59"
"15","Dionysus","Dedenham","ddedenhame@topsy.com","Male","141.210.150.123","Dionysus Dedenham","ddedenham","dionysus.dedenham@hkhk.edu.ee","ded53"
"16","Teodoor","Boothby","tboothbyf@wikipedia.org","Male","159.5.49.142","Teodoor Boothby","tboothby","teodoor.boothby@hkhk.edu.ee","boo95"
"17","Ikey","Cuttle","icuttleg@phpbb.com","Male","172.14.228.249","Ikey Cuttle","icuttle","ikey.cuttle@hkhk.edu.ee","cut25"
"18","Jabez","Betteridge","jbetteridgeh@unicef.org","Male","43.125.231.255","Jabez Betteridge","jbetteridge","jabez.betteridge@hkhk.edu.ee","bet60"
"19","Melesa","Peirpoint","mpeirpointi@odnoklassniki.ru","Female","217.92.132.55","Melesa Peirpoint","mpeirpoint","melesa.peirpoint@hkhk.edu.ee","pei63"
"20","Clemmy","Ivanchin","civanchinj@tiny.cc","Male","136.57.209.57","Clemmy Ivanchin","civanchin","clemmy.ivanchin@hkhk.edu.ee","iva40"
"21","Frasco","Reddish","freddishk@devhub.com","Male","14.239.250.211","Frasco Reddish","freddish","frasco.reddish@hkhk.edu.ee","red14"
"22","Alicea","Terne","aternel@tripadvisor.com","Female","61.239.38.242","Alicea Terne","aterne","alicea.terne@hkhk.edu.ee","ter10"
"23","Kyle","Whiteford","kwhitefordm@wikipedia.org","Female","1.27.175.188","Kyle Whiteford","kwhiteford","kyle.whiteford@hkhk.edu.ee","whi42"
"24","Torrin","Ehlerding","tehlerdingn@eepurl.com","Male","86.94.56.77","Torrin Ehlerding","tehlerding","torrin.ehlerding@hkhk.edu.ee","ehl96"
"25","Penelopa","Fidell","pfidello@reference.com","Female","59.170.76.210","Penelopa Fidell","pfidell","penelopa.fidell@hkhk.edu.ee","fid12"
"26","Alexina","Hastilow","ahastilowp@irs.gov","Female","100.224.74.22","Alexina Hastilow","ahastilow","alexina.hastilow@hkhk.edu.ee","has77"
"27","Kordula","Whyteman","kwhytemanq@mozilla.com","Female","201.193.1.17","Kordula Whyteman","kwhyteman","kordula.whyteman@hkhk.edu.ee","why22"
"28","Teodora","Bendall","tbendallr@weather.com","Female","14.124.32.104","Teodora Bendall","tbendall","teodora.bendall@hkhk.edu.ee","ben52"
"29","Nicky","Jarrelt","njarrelts@go.com","Male","178.242.255.104","Nicky Jarrelt","njarrelt","nicky.jarrelt@hkhk.edu.ee","jar11"
"30","Bucky","Newman","bnewmant@state.gov","Male","40.74.183.43","Bucky Newman","bnewman","bucky.newman@hkhk.edu.ee","new48"
"31","Kandace","Rance","kranceu@joomla.org","Female","235.238.23.183","Kandace Rance","krance","kandace.rance@hkhk.edu.ee","ran98"
"32","Gayla","Stigell","gstigellv@washingtonpost.com","Female","50.90.211.194","Gayla Stigell","gstigell","gayla.stigell@hkhk.edu.ee","sti98"
"33","Candra","Grenshiels","cgrenshielsw@earthlink.net","Female","95.19.67.179","Candra Grenshiels","cgrenshiels","candra.grenshiels@hkhk.edu.ee","gre65"
"34","Gwenore","Chidzoy","gchidzoyx@pinterest.com","Female","206.63.110.192","Gwenore Chidzoy","gchidzoy","gwenore.chidzoy@hkhk.edu.ee","chi20"
"35","Luise","Fairman","lfairmany@nbcnews.com","Female","219.113.255.48","Luise Fairman","lfairman","luise.fairman@hkhk.edu.ee","fai19"
"36","Phillipp","Essberger","pessbergerz@godaddy.com","Male","162.232.13.229","Phillipp Essberger","pessberger","phillipp.essberger@hkhk.edu.ee","ess74"
"37","Darlleen","Dranfield","ddranfield10@slate.com","Female","131.79.153.17","Darlleen Dranfield","ddranfield","darlleen.dranfield@hkhk.edu.ee","dra93"
"38","Creighton","Ruppert","cruppert11@devhub.com","Male","174.125.66.192","Creighton Ruppert","cruppert","creighton.ruppert@hkhk.edu.ee","rup11"
"39","Juan","Gillicuddy","jgillicuddy12@example.com","Male","233.136.230.74","Juan Gillicuddy","jgillicuddy","juan.gillicuddy@hkhk.edu.ee","gil37"
"40","Renaud","Rauprich","rrauprich13@census.gov","Male","190.226.28.217","Renaud Rauprich","rrauprich","renaud.rauprich@hkhk.edu.ee","rau57"
"41","Barnie","Syson","bsyson14@ihg.com","Male","30.69.212.114","Barnie Syson","bsyson","barnie.syson@hkhk.edu.ee","sys69"
"42","Aggie","Starrs","astarrs15@live.com","Female","79.240.242.93","Aggie Starrs","astarrs","aggie.starrs@hkhk.edu.ee","sta28"
"43","Mollee","Hensmans","mhensmans16@shutterfly.com","Female","123.236.39.46","Mollee Hensmans","mhensmans","mollee.hensmans@hkhk.edu.ee","hen40"
"44","Kakalina","Hawker","khawker17@hibu.com","Female","116.151.100.68","Kakalina Hawker","khawker","kakalina.hawker@hkhk.edu.ee","haw19"
"45","Jessalyn","Yuille","jyuille18@yellowbook.com","Female","84.203.158.131","Jessalyn Yuille","jyuille","jessalyn.yuille@hkhk.edu.ee","yui14"
"46","Johannes","Matushenko","jmatushenko19@yahoo.com","Male","65.95.61.214","Johannes Matushenko","jmatushenko","johannes.matushenko@hkhk.edu.ee","mat63"
"47","Emelita","Fairholme","efairholme1a@yale.edu","Female","22.8.6.64","Emelita Fairholme","efairholme","emelita.fairholme@hkhk.edu.ee","fai45"
"48","Hulda","Kineton","hkineton1b@lycos.com","Female","100.211.156.23","Hulda Kineton","hkineton","hulda.kineton@hkhk.edu.ee","kin72"
"49","Celka","Grog","cgrog1c@yandex.ru","Female","227.161.79.22","Celka Grog","cgrog","celka.grog@hkhk.edu.ee","gro68"
"50","Gil","Brounsell","gbrounsell1d@studiopress.com","Male","191.201.227.98","Gil Brounsell","gbrounsell","gil.brounsell@hkhk.edu.ee","bro54"
"51","Bill","Willeman","bwilleman1e@booking.com","Female","128.95.165.217","Bill Willeman","bwilleman","bill.willeman@hkhk.edu.ee","wil89"
"52","Gustavus","Labbett","glabbett1f@alexa.com","Male","168.172.88.210","Gustavus Labbett","glabbett","gustavus.labbett@hkhk.edu.ee","lab30"
"53","Arley","MacTrustrie","amactrustrie1g@yale.edu","Male","199.201.155.173","Arley MacTrustrie","amactrustrie","arley.mactrustrie@hkhk.edu.ee","mac74"
"54","Rogerio","Di Frisco","rdifrisco1h@skyrock.com","Male","88.233.69.201","Rogerio Di Frisco","rdi frisco","rogerio.di frisco@hkhk.edu.ee","di 51"
"55","Dredi","Kenryd","dkenryd1i@moonfruit.com","Female","207.70.18.63","Dredi Kenryd","dkenryd","dredi.kenryd@hkhk.edu.ee","ken58"
"56","Chrystal","Haskey","chaskey1j@mlb.com","Female","165.229.195.177","Chrystal Haskey","chaskey","chrystal.haskey@hkhk.edu.ee","has46"
"57","Colene","Tryhorn","ctryhorn1k@ft.com","Female","73.196.99.190","Colene Tryhorn","ctryhorn","colene.tryhorn@hkhk.edu.ee","try76"
"58","Leontine","Scamadin","lscamadin1l@blogger.com","Female","174.192.71.56","Leontine Scamadin","lscamadin","leontine.scamadin@hkhk.edu.ee","sca71"
"59","Karin","Kingscote","kkingscote1m@de.vu","Female","46.140.82.5","Karin Kingscote","kkingscote","karin.kingscote@hkhk.edu.ee","kin91"
"60","Carena","Ewan","cewan1n@house.gov","Female","118.139.168.165","Carena Ewan","cewan","carena.ewan@hkhk.edu.ee","ewa92"
"61","Glynis","Gash","ggash1o@accuweather.com","Female","99.180.169.60","Glynis Gash","ggash","glynis.gash@hkhk.edu.ee","gas70"
"62","Margalit","Bog","mbog1p@clickbank.net","Female","74.98.241.33","Margalit Bog","mbog","margalit.bog@hkhk.edu.ee","bog53"
"63","Hunfredo","Niblett","hniblett1q@ucsd.edu","Male","252.131.225.54","Hunfredo Niblett","hniblett","hunfredo.niblett@hkhk.edu.ee","nib69"
"64","Maison","Koeppe","mkoeppe1r@elegantthemes.com","Male","213.131.230.0","Maison Koeppe","mkoeppe","maison.koeppe@hkhk.edu.ee","koe86"
"65","Winfield","McDonogh","wmcdonogh1s@indiegogo.com","Male","208.124.138.139","Winfield McDonogh","wmcdonogh","winfield.mcdonogh@hkhk.edu.ee","mcd57"
"66","Averil","Bellenger","abellenger1t@craigslist.org","Male","88.251.202.121","Averil Bellenger","abellenger","averil.bellenger@hkhk.edu.ee","bel73"
"67","Lane","Fishby","lfishby1u@mapy.cz","Female","149.13.255.79","Lane Fishby","lfishby","lane.fishby@hkhk.edu.ee","fis46"
"68","Ursala","De La Salle","udelasalle1v@comsenz.com","Female","69.242.157.98","Ursala De La Salle","ude la salle","ursala.de la salle@hkhk.edu.ee","de 27"
"69","Lela","Utteridge","lutteridge1w@ihg.com","Female","11.104.250.81","Lela Utteridge","lutteridge","lela.utteridge@hkhk.edu.ee","utt55"
"70","Ingelbert","Barkly","ibarkly1x@usda.gov","Male","193.79.252.199","Ingelbert Barkly","ibarkly","ingelbert.barkly@hkhk.edu.ee","bar16"
"71","Bo","Canto","bcanto1y@npr.org","Male","166.95.223.97","Bo Canto","bcanto","bo.canto@hkhk.edu.ee","can81"
"72","Axe","Mattioli","amattioli1z@paypal.com","Male","55.135.110.174","Axe Mattioli","amattioli","axe.mattioli@hkhk.edu.ee","mat44"
"73","Bud","Ratnage","bratnage20@foxnews.com","Male","228.118.79.38","Bud Ratnage","bratnage","bud.ratnage@hkhk.edu.ee","rat58"
"74","Gerhardt","Tredgold","gtredgold21@cpanel.net","Male","91.181.162.87","Gerhardt Tredgold","gtredgold","gerhardt.tredgold@hkhk.edu.ee","tre35"
"75","Thaxter","MacVanamy","tmacvanamy22@scribd.com","Male","94.126.244.127","Thaxter MacVanamy","tmacvanamy","thaxter.macvanamy@hkhk.edu.ee","mac19"
"76","Joelynn","Fishbourne","jfishbourne23@wikimedia.org","Female","50.149.38.243","Joelynn Fishbourne","jfishbourne","joelynn.fishbourne@hkhk.edu.ee","fis34"
"77","Meryl","Bru","mbru24@ucsd.edu","Male","180.193.83.241","Meryl Bru","mbru","meryl.bru@hkhk.edu.ee","bru19"
"78","Emery","Woodruffe","ewoodruffe25@china.com.cn","Male","152.206.24.69","Emery Woodruffe","ewoodruffe","emery.woodruffe@hkhk.edu.ee","woo59"
"79","Germana","Guterson","gguterson26@intel.com","Female","68.160.25.149","Germana Guterson","gguterson","germana.guterson@hkhk.edu.ee","gut95"
"80","Silvester","Keers","skeers27@scientificamerican.com","Male","44.50.46.218","Silvester Keers","skeers","silvester.keers@hkhk.edu.ee","kee83"
"81","Dacy","Harmar","dharmar28@last.fm","Female","166.62.26.10","Dacy Harmar","dharmar","dacy.harmar@hkhk.edu.ee","har11"
"82","Rutledge","Redgewell","rredgewell29@arstechnica.com","Male","20.61.199.26","Rutledge Redgewell","rredgewell","rutledge.redgewell@hkhk.edu.ee","red28"
"83","Isabelle","Hugle","ihugle2a@umn.edu","Female","190.190.188.108","Isabelle Hugle","ihugle","isabelle.hugle@hkhk.edu.ee","hug58"
"84","Ileane","Lothean","ilothean2b@jigsy.com","Female","112.213.232.125","Ileane Lothean","ilothean","ileane.lothean@hkhk.edu.ee","lot90"
"85","Ardith","Arnaut","aarnaut2c@networksolutions.com","Female","106.217.251.91","Ardith Arnaut","aarnaut","ardith.arnaut@hkhk.edu.ee","arn12"
"86","Pietro","Davidovici","pdavidovici2d@toplist.cz","Male","56.53.43.188","Pietro Davidovici","pdavidovici","pietro.davidovici@hkhk.edu.ee","dav94"
"87","Kristen","Shales","kshales2e@nba.com","Female","238.229.218.9","Kristen Shales","kshales","kristen.shales@hkhk.edu.ee","sha92"
"88","Court","Klimmek","cklimmek2f@fotki.com","Male","129.13.11.255","Court Klimmek","cklimmek","court.klimmek@hkhk.edu.ee","kli67"
"89","Chelsea","Shedden","cshedden2g@house.gov","Female","61.148.206.37","Chelsea Shedden","cshedden","chelsea.shedden@hkhk.edu.ee","she32"
"90","Jamie","Tenney","jtenney2h@163.com","Male","255.90.191.162","Jamie Tenney","jtenney","jamie.tenney@hkhk.edu.ee","ten86"
"91","Jeni","Gasparro","jgasparro2i@mac.com","Female","248.224.67.65","Jeni Gasparro","jgasparro","jeni.gasparro@hkhk.edu.ee","gas98"
"92","Willdon","Mallabund","wmallabund2j@squarespace.com","Male","107.119.125.109","Willdon Mallabund","wmallabund","willdon.mallabund@hkhk.edu.ee","mal13"
"93","Ross","Algy","ralgy2k@newsvine.com","Male","136.195.76.230","Ross Algy","ralgy","ross.algy@hkhk.edu.ee","alg96"
"94","Inigo","Diperaus","idiperaus2l@npr.org","Male","99.149.255.133","Inigo Diperaus","idiperaus","inigo.diperaus@hkhk.edu.ee","dip51"
"95","Mabelle","Ellicott","mellicott2m@columbia.edu","Female","198.69.123.236","Mabelle Ellicott","mellicott","mabelle.ellicott@hkhk.edu.ee","ell97"
"96","Forrester","Loade","floade2n@wikispaces.com","Male","23.123.12.1","Forrester Loade","floade","forrester.loade@hkhk.edu.ee","loa80"
"97","Natalya","Wood","nwood2o@ow.ly","Female","80.91.248.29","Natalya Wood","nwood","natalya.wood@hkhk.edu.ee","woo22"
"98","Ede","McQuarter","emcquarter2p@state.gov","Female","0.80.204.149","Ede McQuarter","emcquarter","ede.mcquarter@hkhk.edu.ee","mcq41"
"99","Kalie","Bomb","kbomb2q@1688.com","Female","61.60.96.77","Kalie Bomb","kbomb","kalie.bomb@hkhk.edu.ee","bom98"
"100","Fairfax","Wonfor","fwonfor2r@psu.edu","Male","210.230.196.229","Fairfax Wonfor","fwonfor","fairfax.wonfor@hkhk.edu.ee","won85"
